error_scale_usd_mwh,round_trip_eff,reserve_kwh,strategy,mean_usd_day,p05_usd_day,worst_usd_day,negative_days,mean_charge_kwh,mean_discharge_kwh,mean_regret_usd_day,forecast_mae_usd_mwh
0.000000,1.000000,0.000000,idle,0.000000,0.000000,0.000000,0,0.000000,0.000000,2.137500,0.000000
0.000000,1.000000,0.000000,clock,2.137500,-0.000000,-0.000000,0,25.000000,25.000000,0.000000,0.000000
0.000000,1.000000,0.000000,forecast,2.137500,0.000000,0.000000,0,18.750000,18.750000,0.000000,0.000000
0.000000,1.000000,0.000000,hindsight,2.137500,0.000000,0.000000,0,18.750000,18.750000,0.000000,0.000000
0.000000,1.000000,5.000000,idle,0.000000,0.000000,0.000000,0,0.000000,0.000000,1.818750,0.000000
0.000000,1.000000,5.000000,clock,1.818750,-0.000000,-0.000000,0,20.000000,20.000000,0.000000,0.000000
0.000000,1.000000,5.000000,forecast,1.818750,0.000000,0.000000,0,15.000000,15.000000,0.000000,0.000000
0.000000,1.000000,5.000000,hindsight,1.818750,0.000000,0.000000,0,15.000000,15.000000,0.000000,0.000000
0.000000,1.000000,10.000000,idle,0.000000,0.000000,0.000000,0,0.000000,0.000000,1.500000,0.000000
0.000000,1.000000,10.000000,clock,1.443750,-0.000000,-0.000000,0,15.000000,15.000000,0.056250,0.000000
0.000000,1.000000,10.000000,forecast,1.500000,0.000000,0.000000,0,11.250000,11.250000,0.000000,0.000000
0.000000,1.000000,10.000000,hindsight,1.500000,0.000000,0.000000,0,11.250000,11.250000,0.000000,0.000000
0.000000,0.880000,0.000000,idle,0.000000,0.000000,0.000000,0,0.000000,0.000000,1.912500,0.000000
0.000000,0.880000,0.000000,clock,1.882500,-0.120000,-0.120000,30,25.000000,22.000000,0.030000,0.000000
0.000000,0.880000,0.000000,forecast,1.912500,0.000000,0.000000,0,18.750000,16.500000,0.000000,0.000000
0.000000,0.880000,0.000000,hindsight,1.912500,0.000000,0.000000,0,18.750000,16.500000,0.000000,0.000000
0.000000,0.880000,5.000000,idle,0.000000,0.000000,0.000000,0,0.000000,0.000000,1.638750,0.000000
0.000000,0.880000,5.000000,clock,1.614750,-0.096000,-0.096000,30,20.000000,17.600000,0.024000,0.000000
0.000000,0.880000,5.000000,forecast,1.638750,0.000000,0.000000,0,15.000000,13.200000,0.000000,0.000000
0.000000,0.880000,5.000000,hindsight,1.638750,0.000000,0.000000,0,15.000000,13.200000,0.000000,0.000000
0.000000,0.880000,10.000000,idle,0.000000,0.000000,0.000000,0,0.000000,0.000000,1.365000,0.000000
0.000000,0.880000,10.000000,clock,1.155750,-0.072000,-0.072000,30,15.000000,13.200000,0.209250,0.000000
0.000000,0.880000,10.000000,forecast,1.365000,0.000000,0.000000,0,11.250000,9.900000,-0.000000,0.000000
0.000000,0.880000,10.000000,hindsight,1.365000,0.000000,0.000000,0,11.250000,9.900000,-0.000000,0.000000
30.000000,1.000000,0.000000,idle,0.000000,0.000000,0.000000,0,0.000000,0.000000,2.602992,30.342863
30.000000,1.000000,0.000000,clock,1.842114,-0.267027,-0.737670,14,25.000000,25.000000,0.760878,30.342863
30.000000,1.000000,0.000000,forecast,1.845241,0.000000,0.000000,0,18.750000,18.750000,0.757750,30.342863
30.000000,1.000000,0.000000,hindsight,2.602992,1.228218,1.105528,0,25.000000,25.000000,-0.000000,30.342863
30.000000,1.000000,5.000000,idle,0.000000,0.000000,0.000000,0,0.000000,0.000000,2.342084,30.342863
30.000000,1.000000,5.000000,clock,1.439338,-0.288541,-0.652278,16,20.000000,20.000000,0.902746,30.342863
30.000000,1.000000,5.000000,forecast,1.444568,0.000000,0.000000,0,15.000000,15.000000,0.897516,30.342863
30.000000,1.000000,5.000000,hindsight,2.342084,1.156721,1.048694,0,20.000000,20.000000,-0.000000,30.342863
30.000000,1.000000,10.000000,idle,0.000000,0.000000,0.000000,0,0.000000,0.000000,2.003708,30.342863
30.000000,1.000000,10.000000,clock,0.700060,-0.236792,-0.463260,14,15.000000,15.000000,1.303649,30.342863
30.000000,1.000000,10.000000,forecast,0.794518,0.000000,0.000000,0,11.250000,11.250000,1.209190,30.342863
30.000000,1.000000,10.000000,hindsight,2.003708,1.036992,0.957369,0,15.000000,15.000000,-0.000000,30.342863
30.000000,0.880000,0.000000,idle,0.000000,0.000000,0.000000,0,0.000000,0.000000,2.378190,30.342863
30.000000,0.880000,0.000000,clock,1.570159,-0.395594,-0.863307,21,25.000000,22.000000,0.808031,30.342863
30.000000,0.880000,0.000000,forecast,1.607140,0.000000,0.000000,0,18.750000,16.500000,0.771050,30.342863
30.000000,0.880000,0.000000,hindsight,2.378190,1.089598,0.930720,0,24.958333,21.963333,-0.000000,30.342863
30.000000,0.880000,5.000000,idle,0.000000,0.000000,0.000000,0,0.000000,0.000000,2.137812,30.342863
30.000000,0.880000,5.000000,clock,1.053935,-0.386472,-0.674989,21,20.000000,17.600000,1.083877,30.342863
30.000000,0.880000,5.000000,forecast,1.085791,0.000000,0.000000,0,15.000000,13.200000,1.052021,30.342863
30.000000,0.880000,5.000000,hindsight,2.137812,1.009353,0.915466,0,19.958333,17.563333,-0.000000,30.342863
30.000000,0.880000,10.000000,idle,0.000000,0.000000,0.000000,0,0.000000,0.000000,1.834169,30.342863
30.000000,0.880000,10.000000,clock,0.544688,-0.307398,-0.452198,20,15.000000,13.200000,1.289481,30.342863
30.000000,0.880000,10.000000,forecast,0.654133,0.000000,0.000000,0,11.250000,9.900000,1.180036,30.342863
30.000000,0.880000,10.000000,hindsight,1.834169,0.908579,0.857545,0,15.000000,13.200000,-0.000000,30.342863
90.000000,1.000000,0.000000,idle,0.000000,0.000000,0.000000,0,0.000000,0.000000,3.903852,73.262774
90.000000,1.000000,0.000000,clock,0.763841,-0.945471,-2.213010,25,25.000000,25.000000,3.140011,73.262774
90.000000,1.000000,0.000000,forecast,0.773224,-0.505593,-1.255769,11,18.750000,18.750000,3.130628,73.262774
90.000000,1.000000,0.000000,hindsight,3.903852,2.607545,2.438788,0,24.875000,24.875000,-0.000000,73.262774
90.000000,1.000000,5.000000,idle,0.000000,0.000000,0.000000,0,0.000000,0.000000,3.586747,73.262774
90.000000,1.000000,5.000000,clock,0.305515,-1.145762,-1.956833,42,20.000000,20.000000,3.281232,73.262774
90.000000,1.000000,5.000000,forecast,0.321204,-0.823938,-1.693250,26,15.000000,15.000000,3.265543,73.262774
90.000000,1.000000,5.000000,hindsight,3.586747,2.389415,2.231537,0,20.000000,20.000000,-0.000000,73.262774
90.000000,1.000000,10.000000,idle,0.000000,0.000000,0.000000,0,0.000000,0.000000,3.110353,73.262774
90.000000,1.000000,10.000000,clock,0.018929,-1.179866,-1.783342,52,15.000000,15.000000,3.091424,73.262774
90.000000,1.000000,10.000000,forecast,0.058555,-1.062987,-1.783342,35,11.250000,11.250000,3.051799,73.262774
90.000000,1.000000,10.000000,hindsight,3.110353,2.004120,1.725046,0,15.000000,15.000000,0.000000,73.262774
90.000000,0.880000,0.000000,idle,0.000000,0.000000,0.000000,0,0.000000,0.000000,3.704402,73.262774
90.000000,0.880000,0.000000,clock,0.457977,-1.129694,-2.349920,36,25.000000,22.000000,3.246425,73.262774
90.000000,0.880000,0.000000,forecast,0.508919,-0.728391,-1.249415,17,18.750000,16.500000,3.195483,73.262774
90.000000,0.880000,0.000000,hindsight,3.704402,2.414843,2.200751,0,24.886364,21.900000,0.000000,73.262774
90.000000,0.880000,5.000000,idle,0.000000,0.000000,0.000000,0,0.000000,0.000000,3.379938,73.262774
90.000000,0.880000,5.000000,clock,0.097304,-1.329272,-1.832968,56,20.000000,17.600000,3.282634,73.262774
90.000000,0.880000,5.000000,forecast,0.144873,-0.996905,-1.817218,38,15.000000,13.200000,3.235065,73.262774
90.000000,0.880000,5.000000,hindsight,3.379938,2.211573,2.029807,0,19.975379,17.578333,-0.000000,73.262774
90.000000,0.880000,10.000000,idle,0.000000,0.000000,0.000000,0,0.000000,0.000000,2.916270,73.262774
90.000000,0.880000,10.000000,clock,-0.066937,-1.212593,-1.645168,60,15.000000,13.200000,2.983207,73.262774
90.000000,0.880000,10.000000,forecast,-0.018350,-1.247914,-1.586503,40,11.250000,9.900000,2.934620,73.262774
90.000000,0.880000,10.000000,hindsight,2.916270,1.890686,1.692680,0,15.000000,13.200000,0.000000,73.262774
