day,regime,strategy,hour,forecast_usd_mwh,actual_usd_mwh,charge_kwh,discharge_kwh,soc_kwh,cash_usd
0,evening_peak,idle,00:00,45.000000,203.412405,0.000000,0.000000,5.000000,0.000000
0,evening_peak,idle,01:00,45.000000,231.262785,0.000000,0.000000,5.000000,0.000000
0,evening_peak,idle,02:00,45.000000,126.314457,0.000000,0.000000,5.000000,0.000000
0,evening_peak,idle,03:00,45.000000,179.710832,0.000000,0.000000,5.000000,0.000000
0,evening_peak,idle,04:00,45.000000,164.962309,0.000000,0.000000,5.000000,0.000000
0,evening_peak,idle,05:00,45.000000,183.471163,0.000000,0.000000,5.000000,0.000000
0,evening_peak,idle,06:00,45.000000,104.730630,0.000000,0.000000,5.000000,0.000000
0,evening_peak,idle,07:00,45.000000,162.707575,0.000000,0.000000,5.000000,0.000000
0,evening_peak,idle,08:00,45.000000,78.123880,0.000000,0.000000,5.000000,0.000000
0,evening_peak,idle,09:00,15.000000,64.504489,0.000000,0.000000,5.000000,0.000000
0,evening_peak,idle,10:00,15.000000,59.604406,0.000000,0.000000,5.000000,0.000000
0,evening_peak,idle,11:00,15.000000,97.104073,0.000000,0.000000,5.000000,0.000000
0,evening_peak,idle,12:00,15.000000,13.037163,0.000000,0.000000,5.000000,0.000000
0,evening_peak,idle,13:00,15.000000,26.517328,0.000000,0.000000,5.000000,0.000000
0,evening_peak,idle,14:00,45.000000,141.902270,0.000000,0.000000,5.000000,0.000000
0,evening_peak,idle,15:00,45.000000,97.061298,0.000000,0.000000,5.000000,0.000000
0,evening_peak,idle,16:00,45.000000,141.184377,0.000000,0.000000,5.000000,0.000000
0,evening_peak,idle,17:00,45.000000,102.672451,0.000000,0.000000,5.000000,0.000000
0,evening_peak,idle,18:00,100.000000,97.529095,0.000000,0.000000,5.000000,0.000000
0,evening_peak,idle,19:00,100.000000,57.591959,0.000000,0.000000,5.000000,0.000000
0,evening_peak,idle,20:00,100.000000,154.128230,0.000000,0.000000,5.000000,0.000000
0,evening_peak,idle,21:00,100.000000,116.311106,0.000000,0.000000,5.000000,0.000000
0,evening_peak,idle,22:00,100.000000,242.539820,0.000000,0.000000,5.000000,0.000000
0,evening_peak,idle,23:00,45.000000,109.037087,0.000000,0.000000,5.000000,0.000000
0,evening_peak,clock,00:00,45.000000,203.412405,0.000000,0.000000,5.000000,0.000000
0,evening_peak,clock,01:00,45.000000,231.262785,0.000000,0.000000,5.000000,0.000000
0,evening_peak,clock,02:00,45.000000,126.314457,0.000000,0.000000,5.000000,0.000000
0,evening_peak,clock,03:00,45.000000,179.710832,0.000000,0.000000,5.000000,0.000000
0,evening_peak,clock,04:00,45.000000,164.962309,0.000000,0.000000,5.000000,0.000000
0,evening_peak,clock,05:00,45.000000,183.471163,0.000000,0.000000,5.000000,0.000000
0,evening_peak,clock,06:00,45.000000,104.730630,0.000000,0.000000,5.000000,0.000000
0,evening_peak,clock,07:00,45.000000,162.707575,0.000000,0.000000,5.000000,0.000000
0,evening_peak,clock,08:00,45.000000,78.123880,0.000000,0.000000,5.000000,0.000000
0,evening_peak,clock,09:00,15.000000,64.504489,5.000000,0.000000,10.000000,-0.322522
0,evening_peak,clock,10:00,15.000000,59.604406,5.000000,0.000000,15.000000,-0.298022
0,evening_peak,clock,11:00,15.000000,97.104073,5.000000,0.000000,20.000000,-0.485520
0,evening_peak,clock,12:00,15.000000,13.037163,5.000000,0.000000,25.000000,-0.065186
0,evening_peak,clock,13:00,15.000000,26.517328,0.000000,0.000000,25.000000,0.000000
0,evening_peak,clock,14:00,45.000000,141.902270,0.000000,0.000000,25.000000,0.000000
0,evening_peak,clock,15:00,45.000000,97.061298,0.000000,0.000000,25.000000,0.000000
0,evening_peak,clock,16:00,45.000000,141.184377,0.000000,0.000000,25.000000,0.000000
0,evening_peak,clock,17:00,45.000000,102.672451,0.000000,0.000000,25.000000,0.000000
0,evening_peak,clock,18:00,100.000000,97.529095,0.000000,5.000000,19.318182,0.487645
0,evening_peak,clock,19:00,100.000000,57.591959,0.000000,5.000000,13.636364,0.287960
0,evening_peak,clock,20:00,100.000000,154.128230,0.000000,5.000000,7.954545,0.770641
0,evening_peak,clock,21:00,100.000000,116.311106,0.000000,2.600000,5.000000,0.302409
0,evening_peak,clock,22:00,100.000000,242.539820,0.000000,0.000000,5.000000,0.000000
0,evening_peak,clock,23:00,45.000000,109.037087,0.000000,0.000000,5.000000,0.000000
0,evening_peak,forecast,00:00,45.000000,203.412405,0.000000,0.000000,5.000000,0.000000
0,evening_peak,forecast,01:00,45.000000,231.262785,0.000000,0.000000,5.000000,0.000000
0,evening_peak,forecast,02:00,45.000000,126.314457,0.000000,0.000000,5.000000,0.000000
0,evening_peak,forecast,03:00,45.000000,179.710832,0.000000,0.000000,5.000000,0.000000
0,evening_peak,forecast,04:00,45.000000,164.962309,0.000000,0.000000,5.000000,0.000000
0,evening_peak,forecast,05:00,45.000000,183.471163,0.000000,0.000000,5.000000,0.000000
0,evening_peak,forecast,06:00,45.000000,104.730630,0.000000,0.000000,5.000000,0.000000
0,evening_peak,forecast,07:00,45.000000,162.707575,0.000000,0.000000,5.000000,0.000000
0,evening_peak,forecast,08:00,45.000000,78.123880,0.000000,0.000000,5.000000,0.000000
0,evening_peak,forecast,09:00,15.000000,64.504489,5.000000,0.000000,10.000000,-0.322522
0,evening_peak,forecast,10:00,15.000000,59.604406,5.000000,0.000000,15.000000,-0.298022
0,evening_peak,forecast,11:00,15.000000,97.104073,5.000000,0.000000,20.000000,-0.485520
0,evening_peak,forecast,12:00,15.000000,13.037163,5.000000,0.000000,25.000000,-0.065186
0,evening_peak,forecast,13:00,15.000000,26.517328,0.000000,0.000000,25.000000,0.000000
0,evening_peak,forecast,14:00,45.000000,141.902270,0.000000,0.000000,25.000000,0.000000
0,evening_peak,forecast,15:00,45.000000,97.061298,0.000000,0.000000,25.000000,0.000000
0,evening_peak,forecast,16:00,45.000000,141.184377,0.000000,0.000000,25.000000,0.000000
0,evening_peak,forecast,17:00,45.000000,102.672451,0.000000,0.000000,25.000000,0.000000
0,evening_peak,forecast,18:00,100.000000,97.529095,0.000000,5.000000,19.318182,0.487645
0,evening_peak,forecast,19:00,100.000000,57.591959,0.000000,5.000000,13.636364,0.287960
0,evening_peak,forecast,20:00,100.000000,154.128230,0.000000,5.000000,7.954545,0.770641
0,evening_peak,forecast,21:00,100.000000,116.311106,0.000000,2.600000,5.000000,0.302409
0,evening_peak,forecast,22:00,100.000000,242.539820,0.000000,0.000000,5.000000,0.000000
0,evening_peak,forecast,23:00,45.000000,109.037087,0.000000,0.000000,5.000000,0.000000
0,evening_peak,hindsight,00:00,45.000000,203.412405,0.000000,0.000000,5.000000,0.000000
0,evening_peak,hindsight,01:00,45.000000,231.262785,0.000000,0.000000,5.000000,0.000000
0,evening_peak,hindsight,02:00,45.000000,126.314457,0.000000,0.000000,5.000000,0.000000
0,evening_peak,hindsight,03:00,45.000000,179.710832,0.000000,0.000000,5.000000,0.000000
0,evening_peak,hindsight,04:00,45.000000,164.962309,0.000000,0.000000,5.000000,0.000000
0,evening_peak,hindsight,05:00,45.000000,183.471163,0.000000,0.000000,5.000000,0.000000
0,evening_peak,hindsight,06:00,45.000000,104.730630,0.000000,0.000000,5.000000,0.000000
0,evening_peak,hindsight,07:00,45.000000,162.707575,0.000000,0.000000,5.000000,0.000000
0,evening_peak,hindsight,08:00,45.000000,78.123880,0.000000,0.000000,5.000000,0.000000
0,evening_peak,hindsight,09:00,15.000000,64.504489,5.000000,0.000000,10.000000,-0.322522
0,evening_peak,hindsight,10:00,15.000000,59.604406,5.000000,0.000000,15.000000,-0.298022
0,evening_peak,hindsight,11:00,15.000000,97.104073,0.000000,0.000000,15.000000,0.000000
0,evening_peak,hindsight,12:00,15.000000,13.037163,5.000000,0.000000,20.000000,-0.065186
0,evening_peak,hindsight,13:00,15.000000,26.517328,5.000000,0.000000,25.000000,-0.132587
0,evening_peak,hindsight,14:00,45.000000,141.902270,0.000000,5.000000,19.318182,0.709511
0,evening_peak,hindsight,15:00,45.000000,97.061298,0.000000,0.000000,19.318182,0.000000
0,evening_peak,hindsight,16:00,45.000000,141.184377,0.000000,2.600000,16.363636,0.367079
0,evening_peak,hindsight,17:00,45.000000,102.672451,0.000000,0.000000,16.363636,0.000000
0,evening_peak,hindsight,18:00,100.000000,97.529095,0.000000,0.000000,16.363636,0.000000
0,evening_peak,hindsight,19:00,100.000000,57.591959,0.000000,0.000000,16.363636,0.000000
0,evening_peak,hindsight,20:00,100.000000,154.128230,0.000000,5.000000,10.681818,0.770641
0,evening_peak,hindsight,21:00,100.000000,116.311106,0.000000,0.000000,10.681818,0.000000
0,evening_peak,hindsight,22:00,100.000000,242.539820,0.000000,5.000000,5.000000,1.212699
0,evening_peak,hindsight,23:00,45.000000,109.037087,0.000000,0.000000,5.000000,0.000000
1,scarcity_peak,idle,00:00,45.000000,47.462220,0.000000,0.000000,5.000000,0.000000
1,scarcity_peak,idle,01:00,45.000000,152.421597,0.000000,0.000000,5.000000,0.000000
1,scarcity_peak,idle,02:00,45.000000,-29.934345,0.000000,0.000000,5.000000,-0.000000
1,scarcity_peak,idle,03:00,45.000000,-68.294162,0.000000,0.000000,5.000000,-0.000000
1,scarcity_peak,idle,04:00,45.000000,24.832925,0.000000,0.000000,5.000000,0.000000
1,scarcity_peak,idle,05:00,45.000000,65.111913,0.000000,0.000000,5.000000,0.000000
1,scarcity_peak,idle,06:00,45.000000,34.875005,0.000000,0.000000,5.000000,0.000000
1,scarcity_peak,idle,07:00,45.000000,83.375475,0.000000,0.000000,5.000000,0.000000
1,scarcity_peak,idle,08:00,45.000000,-3.942151,0.000000,0.000000,5.000000,-0.000000
1,scarcity_peak,idle,09:00,15.000000,-57.511251,0.000000,0.000000,5.000000,-0.000000
1,scarcity_peak,idle,10:00,15.000000,51.414092,0.000000,0.000000,5.000000,0.000000
1,scarcity_peak,idle,11:00,15.000000,-29.457146,0.000000,0.000000,5.000000,-0.000000
1,scarcity_peak,idle,12:00,15.000000,1.684164,0.000000,0.000000,5.000000,0.000000
1,scarcity_peak,idle,13:00,15.000000,48.407032,0.000000,0.000000,5.000000,0.000000
1,scarcity_peak,idle,14:00,45.000000,-21.564009,0.000000,0.000000,5.000000,-0.000000
1,scarcity_peak,idle,15:00,45.000000,-66.371005,0.000000,0.000000,5.000000,-0.000000
1,scarcity_peak,idle,16:00,45.000000,30.464943,0.000000,0.000000,5.000000,0.000000
1,scarcity_peak,idle,17:00,45.000000,-66.910245,0.000000,0.000000,5.000000,-0.000000
1,scarcity_peak,idle,18:00,100.000000,36.656535,0.000000,0.000000,5.000000,0.000000
1,scarcity_peak,idle,19:00,100.000000,57.378283,0.000000,0.000000,5.000000,0.000000
1,scarcity_peak,idle,20:00,400.000000,65.524435,0.000000,0.000000,5.000000,0.000000
1,scarcity_peak,idle,21:00,100.000000,111.345142,0.000000,0.000000,5.000000,0.000000
1,scarcity_peak,idle,22:00,100.000000,118.578665,0.000000,0.000000,5.000000,0.000000
1,scarcity_peak,idle,23:00,45.000000,289.373853,0.000000,0.000000,5.000000,0.000000
1,scarcity_peak,clock,00:00,45.000000,47.462220,0.000000,0.000000,5.000000,0.000000
1,scarcity_peak,clock,01:00,45.000000,152.421597,0.000000,0.000000,5.000000,0.000000
1,scarcity_peak,clock,02:00,45.000000,-29.934345,0.000000,0.000000,5.000000,-0.000000
1,scarcity_peak,clock,03:00,45.000000,-68.294162,0.000000,0.000000,5.000000,-0.000000
1,scarcity_peak,clock,04:00,45.000000,24.832925,0.000000,0.000000,5.000000,0.000000
1,scarcity_peak,clock,05:00,45.000000,65.111913,0.000000,0.000000,5.000000,0.000000
1,scarcity_peak,clock,06:00,45.000000,34.875005,0.000000,0.000000,5.000000,0.000000
1,scarcity_peak,clock,07:00,45.000000,83.375475,0.000000,0.000000,5.000000,0.000000
1,scarcity_peak,clock,08:00,45.000000,-3.942151,0.000000,0.000000,5.000000,-0.000000
1,scarcity_peak,clock,09:00,15.000000,-57.511251,5.000000,0.000000,10.000000,0.287556
1,scarcity_peak,clock,10:00,15.000000,51.414092,5.000000,0.000000,15.000000,-0.257070
1,scarcity_peak,clock,11:00,15.000000,-29.457146,5.000000,0.000000,20.000000,0.147286
1,scarcity_peak,clock,12:00,15.000000,1.684164,5.000000,0.000000,25.000000,-0.008421
1,scarcity_peak,clock,13:00,15.000000,48.407032,0.000000,0.000000,25.000000,0.000000
1,scarcity_peak,clock,14:00,45.000000,-21.564009,0.000000,0.000000,25.000000,-0.000000
1,scarcity_peak,clock,15:00,45.000000,-66.371005,0.000000,0.000000,25.000000,-0.000000
1,scarcity_peak,clock,16:00,45.000000,30.464943,0.000000,0.000000,25.000000,0.000000
1,scarcity_peak,clock,17:00,45.000000,-66.910245,0.000000,0.000000,25.000000,-0.000000
1,scarcity_peak,clock,18:00,100.000000,36.656535,0.000000,5.000000,19.318182,0.183283
1,scarcity_peak,clock,19:00,100.000000,57.378283,0.000000,5.000000,13.636364,0.286891
1,scarcity_peak,clock,20:00,400.000000,65.524435,0.000000,5.000000,7.954545,0.327622
1,scarcity_peak,clock,21:00,100.000000,111.345142,0.000000,2.600000,5.000000,0.289497
1,scarcity_peak,clock,22:00,100.000000,118.578665,0.000000,0.000000,5.000000,0.000000
1,scarcity_peak,clock,23:00,45.000000,289.373853,0.000000,0.000000,5.000000,0.000000
1,scarcity_peak,forecast,00:00,45.000000,47.462220,0.000000,0.000000,5.000000,0.000000
1,scarcity_peak,forecast,01:00,45.000000,152.421597,0.000000,0.000000,5.000000,0.000000
1,scarcity_peak,forecast,02:00,45.000000,-29.934345,0.000000,0.000000,5.000000,-0.000000
1,scarcity_peak,forecast,03:00,45.000000,-68.294162,0.000000,0.000000,5.000000,-0.000000
1,scarcity_peak,forecast,04:00,45.000000,24.832925,0.000000,0.000000,5.000000,0.000000
1,scarcity_peak,forecast,05:00,45.000000,65.111913,0.000000,0.000000,5.000000,0.000000
1,scarcity_peak,forecast,06:00,45.000000,34.875005,0.000000,0.000000,5.000000,0.000000
1,scarcity_peak,forecast,07:00,45.000000,83.375475,0.000000,0.000000,5.000000,0.000000
1,scarcity_peak,forecast,08:00,45.000000,-3.942151,0.000000,0.000000,5.000000,-0.000000
1,scarcity_peak,forecast,09:00,15.000000,-57.511251,5.000000,0.000000,10.000000,0.287556
1,scarcity_peak,forecast,10:00,15.000000,51.414092,5.000000,0.000000,15.000000,-0.257070
1,scarcity_peak,forecast,11:00,15.000000,-29.457146,5.000000,0.000000,20.000000,0.147286
1,scarcity_peak,forecast,12:00,15.000000,1.684164,5.000000,0.000000,25.000000,-0.008421
1,scarcity_peak,forecast,13:00,15.000000,48.407032,0.000000,0.000000,25.000000,0.000000
1,scarcity_peak,forecast,14:00,45.000000,-21.564009,0.000000,0.000000,25.000000,-0.000000
1,scarcity_peak,forecast,15:00,45.000000,-66.371005,0.000000,0.000000,25.000000,-0.000000
1,scarcity_peak,forecast,16:00,45.000000,30.464943,0.000000,0.000000,25.000000,0.000000
1,scarcity_peak,forecast,17:00,45.000000,-66.910245,0.000000,0.000000,25.000000,-0.000000
1,scarcity_peak,forecast,18:00,100.000000,36.656535,0.000000,5.000000,19.318182,0.183283
1,scarcity_peak,forecast,19:00,100.000000,57.378283,0.000000,5.000000,13.636364,0.286891
1,scarcity_peak,forecast,20:00,400.000000,65.524435,0.000000,5.000000,7.954545,0.327622
1,scarcity_peak,forecast,21:00,100.000000,111.345142,0.000000,2.600000,5.000000,0.289497
1,scarcity_peak,forecast,22:00,100.000000,118.578665,0.000000,0.000000,5.000000,0.000000
1,scarcity_peak,forecast,23:00,45.000000,289.373853,0.000000,0.000000,5.000000,0.000000
1,scarcity_peak,hindsight,00:00,45.000000,47.462220,0.000000,0.000000,5.000000,0.000000
1,scarcity_peak,hindsight,01:00,45.000000,152.421597,0.000000,0.000000,5.000000,0.000000
1,scarcity_peak,hindsight,02:00,45.000000,-29.934345,0.000000,0.000000,5.000000,-0.000000
1,scarcity_peak,hindsight,03:00,45.000000,-68.294162,5.000000,0.000000,10.000000,0.341471
1,scarcity_peak,hindsight,04:00,45.000000,24.832925,0.000000,0.000000,10.000000,0.000000
1,scarcity_peak,hindsight,05:00,45.000000,65.111913,0.000000,0.000000,10.000000,0.000000
1,scarcity_peak,hindsight,06:00,45.000000,34.875005,0.000000,0.000000,10.000000,0.000000
1,scarcity_peak,hindsight,07:00,45.000000,83.375475,0.000000,0.000000,10.000000,0.000000
1,scarcity_peak,hindsight,08:00,45.000000,-3.942151,0.000000,0.000000,10.000000,-0.000000
1,scarcity_peak,hindsight,09:00,15.000000,-57.511251,5.000000,0.000000,15.000000,0.287556
1,scarcity_peak,hindsight,10:00,15.000000,51.414092,0.000000,0.000000,15.000000,0.000000
1,scarcity_peak,hindsight,11:00,15.000000,-29.457146,0.000000,0.000000,15.000000,-0.000000
1,scarcity_peak,hindsight,12:00,15.000000,1.684164,0.000000,0.000000,15.000000,0.000000
1,scarcity_peak,hindsight,13:00,15.000000,48.407032,0.000000,0.000000,15.000000,0.000000
1,scarcity_peak,hindsight,14:00,45.000000,-21.564009,0.000000,0.000000,15.000000,-0.000000
1,scarcity_peak,hindsight,15:00,45.000000,-66.371005,5.000000,0.000000,20.000000,0.331855
1,scarcity_peak,hindsight,16:00,45.000000,30.464943,0.000000,0.000000,20.000000,0.000000
1,scarcity_peak,hindsight,17:00,45.000000,-66.910245,5.000000,0.000000,25.000000,0.334551
1,scarcity_peak,hindsight,18:00,100.000000,36.656535,0.000000,0.000000,25.000000,0.000000
1,scarcity_peak,hindsight,19:00,100.000000,57.378283,0.000000,0.000000,25.000000,0.000000
1,scarcity_peak,hindsight,20:00,400.000000,65.524435,0.000000,2.600000,22.045455,0.170364
1,scarcity_peak,hindsight,21:00,100.000000,111.345142,0.000000,5.000000,16.363636,0.556726
1,scarcity_peak,hindsight,22:00,100.000000,118.578665,0.000000,5.000000,10.681818,0.592893
1,scarcity_peak,hindsight,23:00,45.000000,289.373853,0.000000,5.000000,5.000000,1.446869
2,negative_midday,idle,00:00,45.000000,229.065360,0.000000,0.000000,5.000000,0.000000
2,negative_midday,idle,01:00,45.000000,111.363294,0.000000,0.000000,5.000000,0.000000
2,negative_midday,idle,02:00,45.000000,65.235101,0.000000,0.000000,5.000000,0.000000
2,negative_midday,idle,03:00,45.000000,17.253064,0.000000,0.000000,5.000000,0.000000
2,negative_midday,idle,04:00,45.000000,35.666306,0.000000,0.000000,5.000000,0.000000
2,negative_midday,idle,05:00,45.000000,51.953317,0.000000,0.000000,5.000000,0.000000
2,negative_midday,idle,06:00,45.000000,13.046397,0.000000,0.000000,5.000000,0.000000
2,negative_midday,idle,07:00,45.000000,92.241430,0.000000,0.000000,5.000000,0.000000
2,negative_midday,idle,08:00,45.000000,182.572803,0.000000,0.000000,5.000000,0.000000
2,negative_midday,idle,09:00,15.000000,177.870695,0.000000,0.000000,5.000000,0.000000
2,negative_midday,idle,10:00,-30.000000,181.765578,0.000000,0.000000,5.000000,0.000000
2,negative_midday,idle,11:00,-30.000000,179.868279,0.000000,0.000000,5.000000,0.000000
2,negative_midday,idle,12:00,-30.000000,147.530707,0.000000,0.000000,5.000000,0.000000
2,negative_midday,idle,13:00,15.000000,5.180148,0.000000,0.000000,5.000000,0.000000
2,negative_midday,idle,14:00,45.000000,73.435987,0.000000,0.000000,5.000000,0.000000
2,negative_midday,idle,15:00,45.000000,-14.758664,0.000000,0.000000,5.000000,-0.000000
2,negative_midday,idle,16:00,45.000000,-12.982016,0.000000,0.000000,5.000000,-0.000000
2,negative_midday,idle,17:00,45.000000,100.110826,0.000000,0.000000,5.000000,0.000000
2,negative_midday,idle,18:00,100.000000,170.979195,0.000000,0.000000,5.000000,0.000000
2,negative_midday,idle,19:00,100.000000,77.061272,0.000000,0.000000,5.000000,0.000000
2,negative_midday,idle,20:00,100.000000,166.213607,0.000000,0.000000,5.000000,0.000000
2,negative_midday,idle,21:00,100.000000,107.452898,0.000000,0.000000,5.000000,0.000000
2,negative_midday,idle,22:00,100.000000,72.373798,0.000000,0.000000,5.000000,0.000000
2,negative_midday,idle,23:00,45.000000,206.764582,0.000000,0.000000,5.000000,0.000000
2,negative_midday,clock,00:00,45.000000,229.065360,0.000000,0.000000,5.000000,0.000000
2,negative_midday,clock,01:00,45.000000,111.363294,0.000000,0.000000,5.000000,0.000000
2,negative_midday,clock,02:00,45.000000,65.235101,0.000000,0.000000,5.000000,0.000000
2,negative_midday,clock,03:00,45.000000,17.253064,0.000000,0.000000,5.000000,0.000000
2,negative_midday,clock,04:00,45.000000,35.666306,0.000000,0.000000,5.000000,0.000000
2,negative_midday,clock,05:00,45.000000,51.953317,0.000000,0.000000,5.000000,0.000000
2,negative_midday,clock,06:00,45.000000,13.046397,0.000000,0.000000,5.000000,0.000000
2,negative_midday,clock,07:00,45.000000,92.241430,0.000000,0.000000,5.000000,0.000000
2,negative_midday,clock,08:00,45.000000,182.572803,0.000000,0.000000,5.000000,0.000000
2,negative_midday,clock,09:00,15.000000,177.870695,5.000000,0.000000,10.000000,-0.889353
2,negative_midday,clock,10:00,-30.000000,181.765578,5.000000,0.000000,15.000000,-0.908828
2,negative_midday,clock,11:00,-30.000000,179.868279,5.000000,0.000000,20.000000,-0.899341
2,negative_midday,clock,12:00,-30.000000,147.530707,5.000000,0.000000,25.000000,-0.737654
2,negative_midday,clock,13:00,15.000000,5.180148,0.000000,0.000000,25.000000,0.000000
2,negative_midday,clock,14:00,45.000000,73.435987,0.000000,0.000000,25.000000,0.000000
2,negative_midday,clock,15:00,45.000000,-14.758664,0.000000,0.000000,25.000000,-0.000000
2,negative_midday,clock,16:00,45.000000,-12.982016,0.000000,0.000000,25.000000,-0.000000
2,negative_midday,clock,17:00,45.000000,100.110826,0.000000,0.000000,25.000000,0.000000
2,negative_midday,clock,18:00,100.000000,170.979195,0.000000,5.000000,19.318182,0.854896
2,negative_midday,clock,19:00,100.000000,77.061272,0.000000,5.000000,13.636364,0.385306
2,negative_midday,clock,20:00,100.000000,166.213607,0.000000,5.000000,7.954545,0.831068
2,negative_midday,clock,21:00,100.000000,107.452898,0.000000,2.600000,5.000000,0.279378
2,negative_midday,clock,22:00,100.000000,72.373798,0.000000,0.000000,5.000000,0.000000
2,negative_midday,clock,23:00,45.000000,206.764582,0.000000,0.000000,5.000000,0.000000
2,negative_midday,forecast,00:00,45.000000,229.065360,0.000000,0.000000,5.000000,0.000000
2,negative_midday,forecast,01:00,45.000000,111.363294,0.000000,0.000000,5.000000,0.000000
2,negative_midday,forecast,02:00,45.000000,65.235101,0.000000,0.000000,5.000000,0.000000
2,negative_midday,forecast,03:00,45.000000,17.253064,0.000000,0.000000,5.000000,0.000000
2,negative_midday,forecast,04:00,45.000000,35.666306,0.000000,0.000000,5.000000,0.000000
2,negative_midday,forecast,05:00,45.000000,51.953317,0.000000,0.000000,5.000000,0.000000
2,negative_midday,forecast,06:00,45.000000,13.046397,0.000000,0.000000,5.000000,0.000000
2,negative_midday,forecast,07:00,45.000000,92.241430,0.000000,0.000000,5.000000,0.000000
2,negative_midday,forecast,08:00,45.000000,182.572803,0.000000,0.000000,5.000000,0.000000
2,negative_midday,forecast,09:00,15.000000,177.870695,5.000000,0.000000,10.000000,-0.889353
2,negative_midday,forecast,10:00,-30.000000,181.765578,5.000000,0.000000,15.000000,-0.908828
2,negative_midday,forecast,11:00,-30.000000,179.868279,5.000000,0.000000,20.000000,-0.899341
2,negative_midday,forecast,12:00,-30.000000,147.530707,5.000000,0.000000,25.000000,-0.737654
2,negative_midday,forecast,13:00,15.000000,5.180148,0.000000,0.000000,25.000000,0.000000
2,negative_midday,forecast,14:00,45.000000,73.435987,0.000000,0.000000,25.000000,0.000000
2,negative_midday,forecast,15:00,45.000000,-14.758664,0.000000,0.000000,25.000000,-0.000000
2,negative_midday,forecast,16:00,45.000000,-12.982016,0.000000,0.000000,25.000000,-0.000000
2,negative_midday,forecast,17:00,45.000000,100.110826,0.000000,0.000000,25.000000,0.000000
2,negative_midday,forecast,18:00,100.000000,170.979195,0.000000,5.000000,19.318182,0.854896
2,negative_midday,forecast,19:00,100.000000,77.061272,0.000000,5.000000,13.636364,0.385306
2,negative_midday,forecast,20:00,100.000000,166.213607,0.000000,5.000000,7.954545,0.831068
2,negative_midday,forecast,21:00,100.000000,107.452898,0.000000,2.600000,5.000000,0.279378
2,negative_midday,forecast,22:00,100.000000,72.373798,0.000000,0.000000,5.000000,0.000000
2,negative_midday,forecast,23:00,45.000000,206.764582,0.000000,0.000000,5.000000,0.000000
2,negative_midday,hindsight,00:00,45.000000,229.065360,0.000000,0.000000,5.000000,0.000000
2,negative_midday,hindsight,01:00,45.000000,111.363294,0.000000,0.000000,5.000000,0.000000
2,negative_midday,hindsight,02:00,45.000000,65.235101,0.000000,0.000000,5.000000,0.000000
2,negative_midday,hindsight,03:00,45.000000,17.253064,0.000000,0.000000,5.000000,0.000000
2,negative_midday,hindsight,04:00,45.000000,35.666306,0.000000,0.000000,5.000000,0.000000
2,negative_midday,hindsight,05:00,45.000000,51.953317,0.000000,0.000000,5.000000,0.000000
2,negative_midday,hindsight,06:00,45.000000,13.046397,5.000000,0.000000,10.000000,-0.065232
2,negative_midday,hindsight,07:00,45.000000,92.241430,0.000000,0.000000,10.000000,0.000000
2,negative_midday,hindsight,08:00,45.000000,182.572803,0.000000,0.000000,10.000000,0.000000
2,negative_midday,hindsight,09:00,15.000000,177.870695,0.000000,0.000000,10.000000,0.000000
2,negative_midday,hindsight,10:00,-30.000000,181.765578,0.000000,0.000000,10.000000,0.000000
2,negative_midday,hindsight,11:00,-30.000000,179.868279,0.000000,0.000000,10.000000,0.000000
2,negative_midday,hindsight,12:00,-30.000000,147.530707,0.000000,0.000000,10.000000,0.000000
2,negative_midday,hindsight,13:00,15.000000,5.180148,5.000000,0.000000,15.000000,-0.025901
2,negative_midday,hindsight,14:00,45.000000,73.435987,0.000000,0.000000,15.000000,0.000000
2,negative_midday,hindsight,15:00,45.000000,-14.758664,5.000000,0.000000,20.000000,0.073793
2,negative_midday,hindsight,16:00,45.000000,-12.982016,5.000000,0.000000,25.000000,0.064910
2,negative_midday,hindsight,17:00,45.000000,100.110826,0.000000,0.000000,25.000000,0.000000
2,negative_midday,hindsight,18:00,100.000000,170.979195,0.000000,5.000000,19.318182,0.854896
2,negative_midday,hindsight,19:00,100.000000,77.061272,0.000000,0.000000,19.318182,0.000000
2,negative_midday,hindsight,20:00,100.000000,166.213607,0.000000,5.000000,13.636364,0.831068
2,negative_midday,hindsight,21:00,100.000000,107.452898,0.000000,2.600000,10.681818,0.279378
2,negative_midday,hindsight,22:00,100.000000,72.373798,0.000000,0.000000,10.681818,0.000000
2,negative_midday,hindsight,23:00,45.000000,206.764582,0.000000,5.000000,5.000000,1.033823
3,flat_missed_event,idle,00:00,40.000000,19.724847,0.000000,0.000000,5.000000,0.000000
3,flat_missed_event,idle,01:00,40.000000,61.628451,0.000000,0.000000,5.000000,0.000000
3,flat_missed_event,idle,02:00,40.000000,-102.806439,0.000000,0.000000,5.000000,-0.000000
3,flat_missed_event,idle,03:00,40.000000,4.883716,0.000000,0.000000,5.000000,0.000000
3,flat_missed_event,idle,04:00,40.000000,-104.427379,0.000000,0.000000,5.000000,-0.000000
3,flat_missed_event,idle,05:00,40.000000,-4.423611,0.000000,0.000000,5.000000,-0.000000
3,flat_missed_event,idle,06:00,40.000000,-86.383294,0.000000,0.000000,5.000000,-0.000000
3,flat_missed_event,idle,07:00,40.000000,-83.586539,0.000000,0.000000,5.000000,-0.000000
3,flat_missed_event,idle,08:00,40.000000,-71.552997,0.000000,0.000000,5.000000,-0.000000
3,flat_missed_event,idle,09:00,40.000000,38.698381,0.000000,0.000000,5.000000,0.000000
3,flat_missed_event,idle,10:00,40.000000,-12.247796,0.000000,0.000000,5.000000,-0.000000
3,flat_missed_event,idle,11:00,40.000000,36.320728,0.000000,0.000000,5.000000,0.000000
3,flat_missed_event,idle,12:00,40.000000,23.945218,0.000000,0.000000,5.000000,0.000000
3,flat_missed_event,idle,13:00,40.000000,-81.014413,0.000000,0.000000,5.000000,-0.000000
3,flat_missed_event,idle,14:00,40.000000,25.621270,0.000000,0.000000,5.000000,0.000000
3,flat_missed_event,idle,15:00,40.000000,-10.641348,0.000000,0.000000,5.000000,-0.000000
3,flat_missed_event,idle,16:00,40.000000,-3.914193,0.000000,0.000000,5.000000,-0.000000
3,flat_missed_event,idle,17:00,40.000000,352.504138,0.000000,0.000000,5.000000,0.000000
3,flat_missed_event,idle,18:00,40.000000,-93.895770,0.000000,0.000000,5.000000,-0.000000
3,flat_missed_event,idle,19:00,40.000000,-22.852269,0.000000,0.000000,5.000000,-0.000000
3,flat_missed_event,idle,20:00,40.000000,-98.436411,0.000000,0.000000,5.000000,-0.000000
3,flat_missed_event,idle,21:00,40.000000,69.320429,0.000000,0.000000,5.000000,0.000000
3,flat_missed_event,idle,22:00,40.000000,56.305203,0.000000,0.000000,5.000000,0.000000
3,flat_missed_event,idle,23:00,40.000000,25.571254,0.000000,0.000000,5.000000,0.000000
3,flat_missed_event,clock,00:00,40.000000,19.724847,0.000000,0.000000,5.000000,0.000000
3,flat_missed_event,clock,01:00,40.000000,61.628451,0.000000,0.000000,5.000000,0.000000
3,flat_missed_event,clock,02:00,40.000000,-102.806439,0.000000,0.000000,5.000000,-0.000000
3,flat_missed_event,clock,03:00,40.000000,4.883716,0.000000,0.000000,5.000000,0.000000
3,flat_missed_event,clock,04:00,40.000000,-104.427379,0.000000,0.000000,5.000000,-0.000000
3,flat_missed_event,clock,05:00,40.000000,-4.423611,0.000000,0.000000,5.000000,-0.000000
3,flat_missed_event,clock,06:00,40.000000,-86.383294,0.000000,0.000000,5.000000,-0.000000
3,flat_missed_event,clock,07:00,40.000000,-83.586539,0.000000,0.000000,5.000000,-0.000000
3,flat_missed_event,clock,08:00,40.000000,-71.552997,0.000000,0.000000,5.000000,-0.000000
3,flat_missed_event,clock,09:00,40.000000,38.698381,5.000000,0.000000,10.000000,-0.193492
3,flat_missed_event,clock,10:00,40.000000,-12.247796,5.000000,0.000000,15.000000,0.061239
3,flat_missed_event,clock,11:00,40.000000,36.320728,5.000000,0.000000,20.000000,-0.181604
3,flat_missed_event,clock,12:00,40.000000,23.945218,5.000000,0.000000,25.000000,-0.119726
3,flat_missed_event,clock,13:00,40.000000,-81.014413,0.000000,0.000000,25.000000,-0.000000
3,flat_missed_event,clock,14:00,40.000000,25.621270,0.000000,0.000000,25.000000,0.000000
3,flat_missed_event,clock,15:00,40.000000,-10.641348,0.000000,0.000000,25.000000,-0.000000
3,flat_missed_event,clock,16:00,40.000000,-3.914193,0.000000,0.000000,25.000000,-0.000000
3,flat_missed_event,clock,17:00,40.000000,352.504138,0.000000,0.000000,25.000000,0.000000
3,flat_missed_event,clock,18:00,40.000000,-93.895770,0.000000,5.000000,19.318182,-0.469479
3,flat_missed_event,clock,19:00,40.000000,-22.852269,0.000000,5.000000,13.636364,-0.114261
3,flat_missed_event,clock,20:00,40.000000,-98.436411,0.000000,5.000000,7.954545,-0.492182
3,flat_missed_event,clock,21:00,40.000000,69.320429,0.000000,2.600000,5.000000,0.180233
3,flat_missed_event,clock,22:00,40.000000,56.305203,0.000000,0.000000,5.000000,0.000000
3,flat_missed_event,clock,23:00,40.000000,25.571254,0.000000,0.000000,5.000000,0.000000
3,flat_missed_event,forecast,00:00,40.000000,19.724847,0.000000,0.000000,5.000000,0.000000
3,flat_missed_event,forecast,01:00,40.000000,61.628451,0.000000,0.000000,5.000000,0.000000
3,flat_missed_event,forecast,02:00,40.000000,-102.806439,0.000000,0.000000,5.000000,-0.000000
3,flat_missed_event,forecast,03:00,40.000000,4.883716,0.000000,0.000000,5.000000,0.000000
3,flat_missed_event,forecast,04:00,40.000000,-104.427379,0.000000,0.000000,5.000000,-0.000000
3,flat_missed_event,forecast,05:00,40.000000,-4.423611,0.000000,0.000000,5.000000,-0.000000
3,flat_missed_event,forecast,06:00,40.000000,-86.383294,0.000000,0.000000,5.000000,-0.000000
3,flat_missed_event,forecast,07:00,40.000000,-83.586539,0.000000,0.000000,5.000000,-0.000000
3,flat_missed_event,forecast,08:00,40.000000,-71.552997,0.000000,0.000000,5.000000,-0.000000
3,flat_missed_event,forecast,09:00,40.000000,38.698381,0.000000,0.000000,5.000000,0.000000
3,flat_missed_event,forecast,10:00,40.000000,-12.247796,0.000000,0.000000,5.000000,-0.000000
3,flat_missed_event,forecast,11:00,40.000000,36.320728,0.000000,0.000000,5.000000,0.000000
3,flat_missed_event,forecast,12:00,40.000000,23.945218,0.000000,0.000000,5.000000,0.000000
3,flat_missed_event,forecast,13:00,40.000000,-81.014413,0.000000,0.000000,5.000000,-0.000000
3,flat_missed_event,forecast,14:00,40.000000,25.621270,0.000000,0.000000,5.000000,0.000000
3,flat_missed_event,forecast,15:00,40.000000,-10.641348,0.000000,0.000000,5.000000,-0.000000
3,flat_missed_event,forecast,16:00,40.000000,-3.914193,0.000000,0.000000,5.000000,-0.000000
3,flat_missed_event,forecast,17:00,40.000000,352.504138,0.000000,0.000000,5.000000,0.000000
3,flat_missed_event,forecast,18:00,40.000000,-93.895770,0.000000,0.000000,5.000000,-0.000000
3,flat_missed_event,forecast,19:00,40.000000,-22.852269,0.000000,0.000000,5.000000,-0.000000
3,flat_missed_event,forecast,20:00,40.000000,-98.436411,0.000000,0.000000,5.000000,-0.000000
3,flat_missed_event,forecast,21:00,40.000000,69.320429,0.000000,0.000000,5.000000,0.000000
3,flat_missed_event,forecast,22:00,40.000000,56.305203,0.000000,0.000000,5.000000,0.000000
3,flat_missed_event,forecast,23:00,40.000000,25.571254,0.000000,0.000000,5.000000,0.000000
3,flat_missed_event,hindsight,00:00,40.000000,19.724847,0.000000,0.000000,5.000000,0.000000
3,flat_missed_event,hindsight,01:00,40.000000,61.628451,0.000000,0.000000,5.000000,0.000000
3,flat_missed_event,hindsight,02:00,40.000000,-102.806439,5.000000,0.000000,10.000000,0.514032
3,flat_missed_event,hindsight,03:00,40.000000,4.883716,0.000000,0.000000,10.000000,0.000000
3,flat_missed_event,hindsight,04:00,40.000000,-104.427379,5.000000,0.000000,15.000000,0.522137
3,flat_missed_event,hindsight,05:00,40.000000,-4.423611,0.000000,0.000000,15.000000,-0.000000
3,flat_missed_event,hindsight,06:00,40.000000,-86.383294,5.000000,0.000000,20.000000,0.431916
3,flat_missed_event,hindsight,07:00,40.000000,-83.586539,5.000000,0.000000,25.000000,0.417933
3,flat_missed_event,hindsight,08:00,40.000000,-71.552997,0.000000,0.000000,25.000000,-0.000000
3,flat_missed_event,hindsight,09:00,40.000000,38.698381,0.000000,2.600000,22.045455,0.100616
3,flat_missed_event,hindsight,10:00,40.000000,-12.247796,0.000000,0.000000,22.045455,-0.000000
3,flat_missed_event,hindsight,11:00,40.000000,36.320728,0.000000,0.000000,22.045455,0.000000
3,flat_missed_event,hindsight,12:00,40.000000,23.945218,0.000000,0.000000,22.045455,0.000000
3,flat_missed_event,hindsight,13:00,40.000000,-81.014413,0.000000,0.000000,22.045455,-0.000000
3,flat_missed_event,hindsight,14:00,40.000000,25.621270,0.000000,0.000000,22.045455,0.000000
3,flat_missed_event,hindsight,15:00,40.000000,-10.641348,0.000000,0.000000,22.045455,-0.000000
3,flat_missed_event,hindsight,16:00,40.000000,-3.914193,0.000000,0.000000,22.045455,-0.000000
3,flat_missed_event,hindsight,17:00,40.000000,352.504138,0.000000,5.000000,16.363636,1.762521
3,flat_missed_event,hindsight,18:00,40.000000,-93.895770,0.000000,0.000000,16.363636,-0.000000
3,flat_missed_event,hindsight,19:00,40.000000,-22.852269,0.000000,0.000000,16.363636,-0.000000
3,flat_missed_event,hindsight,20:00,40.000000,-98.436411,0.000000,0.000000,16.363636,-0.000000
3,flat_missed_event,hindsight,21:00,40.000000,69.320429,0.000000,5.000000,10.681818,0.346602
3,flat_missed_event,hindsight,22:00,40.000000,56.305203,0.000000,5.000000,5.000000,0.281526
3,flat_missed_event,hindsight,23:00,40.000000,25.571254,0.000000,0.000000,5.000000,0.000000
